{
    "title": "松子分享の主页",
    "description": "一个默默无闻的主页",
    "keywords": "松子分享,个人主页",
    "author": "松子分享",
    "logo_img": "./img/icon/logo.png",
    "logo_text_1": "szfx",
    "logo_text_2": "top",
    "github": "songshuxiao",
    "qq": "2189287598",
    "email": "jishusongshu@qq.com",
    "bilibili": "349815672",
    "telegram": "bottom_user",
    "link_1": [
        "https://blog.szfx.top/",
        "fa-solid fa-blog",
        "博客"
    ],
    "link_2": [
        "https://cloud.jishusongshu.com/",
        "fa-solid fa-cloud",
        "网盘"
    ],
    "link_3": [
        "https://share.szfx.top/",
        "fa-solid fa-code",
        "代码"
    ],
    "link_4": [
        "https://szfx.top/",
        "fa-solid fa-compass",
        "起始页"
    ],
    "link_5": [
        "https://hao.jishusongshu.com/",
        "fa-solid fa-book-bookmark",
        "网址集"
    ],
    "link_6": [
        "https://api.szfx.top/",
        "fa-solid fa-flask",
        "API"
    ],
    "Copyright_text": "松子分享",
    "beian": "赣ICP备2020011452号-2 "
}